ID,x
1,138.21099338351948
2,128.5626156067919
3,144.14017927186597
4,133.88072311860995
5,133.1177746536644
6,133.36719399439625
7,117.53645187490541
8,121.92204247929698
9,136.57619636598008
10,120.18157260787459
11,125.08215935857562
12,131.16717318920445
13,121.21775834380261
14,116.40887464332087
15,121.37327131227714
16,125.49117966392272
17,125.79044073643884
18,111.10469765037887
19,129.49428926327533
20,140.62259448626912
