obs_id,x,y
1,-3,7.191769880074668
2,-1,4.310021797353986
3,1,0.14751105783042812
4,3,-3.2349068486475554
